,IJind,Label,Area,X,Y,Major,Minor,Angle,Feret,Slice,FeretX,FeretY,FeretAngle,MinFeret,Image,Time,Volume,Media,Moving,ImGroup,blobID
0,1,flattened:0001-0294-1737:00_1470277864,53320,1737.994,292.099,265.243,255.951,15.434000000000001,275.409,1,1630,377,37.328,254.468,0,1470277864,378585.5877733094,False,False,0,0.0
1,2,flattened:0001-0645-0634:00_1470277864,51027,632.746,643.389,262.97700000000003,247.054,148.409,271.22900000000004,1,501,614,168.731,247.585,0,1470277864,355364.4102615198,False,False,0,1.0
2,3,flattened:0001-1064-1136:00_1470277864,53784,1136.542,1064.559,272.325,251.46400000000003,156.834,279.58,1,997,1076,3.6910000000000003,250.327,0,1470277864,378649.894455855,False,False,0,2.0
3,4,flattened:0001-1182-1958:00_1470277864,54715,1958.971,1182.532,274.815,253.49900000000002,167.91299999999998,285.212,1,1816,1190,2.21,253.425,0,1470277864,397674.2021059466,False,False,0,3.0
4,5,flattened:0001-1533-1120:00_1470277864,52937,1122.61,1535.021,265.719,253.657,47.165,276.062,1,1058,1656,61.67100000000001,253.66400000000002,0,1470277864,378262.0213542188,False,False,0,4.0
5,6,flattened:0002-0302-1734:01_1470277926,53750,1735.046,299.998,265.633,257.63599999999997,17.059,275.204,2,1623,379,36.578,256.563,1,1470277926,382651.1462881661,False,False,0,0.0
6,7,flattened:0002-0646-0634:01_1470277926,52146,632.966,644.105,266.428,249.201,149.734,273.651,2,499,622,172.018,248.852,1,1470277926,362998.8386020478,False,False,0,1.0
7,8,flattened:0002-1064-1141:01_1470277926,54599,1140.843,1065.6960000000001,274.512,253.24099999999999,158.87,280.216,2,1001,1064,177.75,252.21400000000003,1,1470277926,384084.1845268934,False,False,0,2.0
8,9,flattened:0002-1187-1957:01_1470277926,55360,1958.355,1187.612,276.51099999999997,254.91400000000002,168.157,287.111,2,1814,1190,1.597,255.544,1,1470277926,406640.1878698316,False,False,0,3.0
9,10,flattened:0002-1535-1121:01_1470277926,53744,1123.444,1536.476,267.445,255.862,48.475,277.281,2,1062,1660,62.973,256.10200000000003,1,1470277926,386150.3027899608,False,False,0,4.0
10,11,flattened:0003-0307-1731:02_1470277986,53781,1731.638,305.56,266.089,257.343,15.2,275.204,3,1619,384,36.578,255.96900000000002,2,1470277986,381370.2790274448,False,False,0,0.0
11,12,flattened:0003-0648-0634:02_1470277986,51784,632.744,645.659,265.587,248.255,153.313,272.443,3,501,613,169.639,248.02700000000002,2,1470277986,358778.14142273593,False,False,0,1.0
12,13,flattened:0003-1065-1144:02_1470277986,54742,1144.2160000000001,1066.172,275.423,253.06400000000002,156.083,281.711,3,1004,1054,173.68200000000002,253.333,2,1470277986,389769.0631563394,False,False,0,2.0
13,14,flattened:0003-1187-1961:02_1470277986,55677,1961.453,1186.522,277.505,255.456,168.78599999999997,286.923,3,1818,1198,4.598,255.88400000000001,2,1470277986,406981.98858976946,False,False,0,3.0
14,15,flattened:0003-1536-1121:02_1470277986,53676,1122.757,1537.8129999999999,267.908,255.097,47.714,278.08799999999997,3,1054,1658,60.485,255.644,2,1470277986,386908.7895874053,False,False,0,4.0
16,17,flattened:0005-0203-0920:04_1470278106,45573,920.6310000000001,204.74599999999998,249.387,232.672,165.90400000000002,261.39799999999997,5,790,190,174.071,235.58900000000003,4,1470278106,312373.3368424678,True,False,1,5.0
18,19,flattened:0005-1298-1398:04_1470278106,43451,1398.348,1298.368,247.87099999999998,223.195,43.326,255.97299999999998,5,1315,1397,51.026,227.03799999999998,4,1470278106,286754.29715876625,True,False,1,6.0
19,20,flattened:0006-0205-0921:05_1470278166,45279,921.36,205.717,248.452,232.041,165.392,260.847,6,791,194,175.382,235.06,5,1470278166,310341.30816250574,True,False,1,5.0
20,21,flattened:0006-0943-1424:05_1470278166,39641,1424.908,944.5980000000001,230.606,218.86900000000003,59.208,245.817,6,1376,1057,66.251,221.317,5,1470278166,259396.01819411045,True,False,1,7.0
21,22,flattened:0006-1301-1398:05_1470278166,43273,1397.672,1300.697,247.187,222.895,36.733000000000004,256.363,6,1308,1394,48.162,226.419,5,1470278166,286346.63187312376,True,False,1,6.0
22,23,flattened:0007-0205-0922:06_1470278226,45492,922.128,206.237,248.965,232.65200000000002,165.747,260.768,7,792,192,175.601,235.63400000000001,6,1470278226,311271.55720038427,True,False,1,5.0
23,24,flattened:0007-0943-1424:06_1470278226,39892,1424.079,943.7589999999999,231.123,219.762,55.02,247.00799999999998,7,1368,1054,61.464,222.30900000000003,6,1470278226,263049.64993737347,True,False,1,7.0
24,25,flattened:0007-1302-1398:06_1470278226,43599,1397.41,1300.947,247.65,224.155,34.964,256.445,7,1306,1392,48.478,227.0,6,1470278226,287527.9641463293,True,False,1,6.0
25,26,flattened:0008-0206-0922:07_1470278286,45817,922.433,206.11700000000002,249.33900000000003,233.963,164.805,261.62,8,792,194,176.055,237.643,7,1470278286,316684.6524471212,True,False,1,5.0
26,27,flattened:0008-0944-1424:07_1470278286,40063,1423.505,943.567,231.25599999999997,220.577,54.348,247.00799999999998,8,1363,1051,61.464,222.335,7,1470278286,263093.37093916774,True,False,1,7.0
27,28,flattened:0008-1302-1397:07_1470278286,43880,1397.231,1301.509,248.19099999999997,225.108,33.099000000000004,257.857,8,1309,1396,48.458999999999996,229.0,7,1470278286,293658.8721520634,True,False,1,6.0
28,29,flattened:0009-0206-0922:08_1470278346,46071,922.569,206.50900000000001,249.919,234.71400000000003,164.37,262.393,9,792,190,174.09400000000002,238.739,8,1470278346,320254.52708572324,True,False,1,5.0
29,30,flattened:0009-0944-1423:08_1470278346,40277,1423.1879999999999,943.47,231.576,221.449,55.946000000000005,247.825,9,1367,1054,62.091,222.666,8,1470278346,265028.6542102875,True,False,1,7.0
30,31,flattened:0009-1302-1397:08_1470278346,44093,1397.0529999999999,1301.746,248.412,225.99900000000002,32.457,258.443,9,1308,1396,47.98,230.63099999999997,8,1470278346,297688.86987611424,True,False,1,6.0
31,32,flattened:0010-0206-0923:09_1470278406,46334,922.8919999999999,206.335,250.482,235.523,165.41,263.28700000000003,10,792,189,174.333,239.237,9,1470278406,322930.67071309657,True,False,1,5.0
32,33,flattened:0010-0944-1423:09_1470278406,40437,1423.227,942.84,231.563,222.34099999999998,54.246,247.833,10,1357,1047,58.361999999999995,222.632,9,1470278406,264984.7190602583,True,False,1,7.0
33,34,flattened:0010-1303-1397:09_1470278406,44277,1396.97,1302.3310000000001,248.605,226.766,32.979,259.725,10,1304,1394,47.34,230.697,9,1470278406,300157.15675116284,True,False,1,6.0
34,35,flattened:0011-0207-0923:10_1470278466,46546,923.7660000000001,207.572,250.688,236.40599999999998,165.986,263.274,11,792,201,177.388,240.571,10,1470278466,325484.0639382047,True,False,1,5.0
35,36,flattened:0011-0944-1424:10_1470278466,40584,1423.243,942.576,231.745,222.97400000000002,55.933,248.07299999999998,11,1360,1049,60.542,223.127,10,1470278466,266228.6045988721,True,False,1,7.0
36,37,flattened:0011-1303-1397:10_1470278466,44405,1397.986,1302.553,248.732,227.30599999999998,31.2,260.277,11,1306,1395,46.245,231.295,10,1470278466,302273.64490149065,True,False,1,6.0
37,38,flattened:0012-0208-0923:11_1470278526,46779,923.6669999999999,208.412,251.429,236.89,166.274,265.83099999999996,12,791,194,175.46900000000002,241.204,11,1470278526,331705.5118160143,True,False,1,5.0
38,39,flattened:0012-0945-1424:11_1470278526,40825,1423.148,943.683,231.926,224.123,55.163000000000004,247.736,12,1352,1045,55.027,223.835,11,1470278526,266857.9462800554,True,False,1,7.0
39,40,flattened:0012-1303-1398:11_1470278526,44523,1397.8410000000001,1303.106,248.576,228.053,31.374000000000002,259.671,12,1308,1397,47.028999999999996,231.972,11,1470278526,302404.6401293103,True,False,1,6.0
40,41,flattened:0013-0209-0923:12_1470278586,46767,923.7589999999999,209.113,251.28400000000002,236.965,167.583,265.483,13,791,197,176.545,241.158,12,1470278586,330932.84064981045,True,False,1,5.0
41,42,flattened:0013-0946-1423:12_1470278586,40905,1423.162,944.12,231.895,224.592,53.06100000000001,247.97,13,1355,1047,57.015,223.778,12,1470278586,267158.54738266487,True,False,1,7.0
42,43,flattened:0013-1303-1397:12_1470278586,44560,1397.942,1303.106,248.512,228.301,30.695999999999998,260.526,13,1297,1386,42.2,231.798,12,1470278586,303663.01020478446,True,False,1,6.0
43,44,flattened:0014-0210-0923:13_1470278646,47031,923.791,209.453,251.583,238.019,167.368,265.83099999999996,14,791,195,175.46900000000002,241.96200000000002,13,1470278646,333195.4021510757,True,False,1,5.0
44,45,flattened:0014-0946-1424:13_1470278646,41119,1423.808,943.965,232.412,225.265,54.067,248.55599999999998,14,1352,1045,55.159,224.481,13,1470278646,269354.481467542,True,False,1,7.0
45,46,flattened:0014-1303-1398:13_1470278646,44749,1397.8670000000002,1303.224,248.97799999999998,228.84,30.807,261.0,14,1304,1394,46.397,232.38299999999998,13,1470278646,305626.7861798539,True,False,1,6.0
46,47,flattened:0015-0210-0924:14_1470278706,47078,923.8530000000001,209.86700000000002,251.373,238.457,168.138,264.834,15,792,193,175.452,242.753,14,1470278706,332790.05738476355,True,False,1,5.0
47,48,flattened:0015-0946-1424:14_1470278706,41176,1423.7020000000002,943.676,232.275,225.71099999999998,53.275,248.55599999999998,15,1351,1044,55.159,224.832,14,1470278706,269954.5207427445,True,False,1,7.0
48,49,flattened:0015-1304-1398:14_1470278706,44840,1398.204,1303.774,249.153,229.144,31.531,261.664,15,1303,1393,44.071000000000005,233.12099999999998,14,1470278706,308239.6093030726,True,False,1,6.0
49,50,flattened:0016-0210-0923:15_1470278766,47198,923.8919999999999,210.206,251.585,238.863,165.47,265.181,16,792,191,174.59,242.768,15,1470278766,333502.58117544506,True,False,1,5.0
50,51,flattened:0016-0946-1425:15_1470278766,41156,1424.424,943.567,231.639,226.22,54.53,247.97,16,1357,1047,57.015,224.359,15,1470278766,268146.8527540537,True,False,1,7.0
51,52,flattened:0016-1304-1398:15_1470278766,44926,1398.28,1303.127,249.52599999999998,229.24099999999999,33.032,261.645,16,1302,1392,45.619,232.99900000000002,15,1470278766,307976.165176724,True,False,1,6.0
52,53,flattened:0017-0212-0924:16_1470278826,47253,924.2139999999999,211.113,251.335,239.37900000000002,169.262,264.683,17,792,198,175.88400000000001,243.37599999999998,16,1470278826,333719.2952292036,True,False,1,5.0
53,54,flattened:0017-0946-1426:16_1470278826,41296,1424.7679999999998,944.14,231.52200000000002,227.105,56.32,248.31,17,1352,1044,54.838,225.09400000000002,16,1470278826,269981.8941762933,True,False,1,7.0
54,55,flattened:0017-1304-1398:16_1470278826,44997,1398.171,1303.03,249.65200000000002,229.487,33.773,262.36,17,1302,1392,45.772,233.0,16,1470278826,309315.4937389229,True,False,1,6.0
55,56,flattened:0018-0212-0924:17_1470278886,47228,925.189,212.329,251.06099999999998,239.514,171.845,265.092,18,792,206,178.487,243.014,17,1470278886,333811.9198529505,True,False,1,5.0
56,57,flattened:0018-0947-1425:17_1470278886,41367,1424.265,944.696,231.773,227.24900000000002,52.798,248.07299999999998,18,1351,1044,54.516000000000005,224.953,17,1470278886,269335.6912012578,True,False,1,7.0
57,58,flattened:0018-1305-1398:17_1470278886,44961,1398.1429999999998,1303.748,249.405,229.53099999999998,34.329,262.01099999999997,18,1310,1400,48.093999999999994,232.97400000000002,17,1470278886,308613.54653415,True,False,1,6.0
58,59,flattened:0019-0212-0924:18_1470278946,47257,924.783,211.794,251.122,239.60299999999998,174.136,265.277,19,792,219,5.625,243.653,18,1470278946,335438.5922322495,True,False,1,5.0
59,60,flattened:0019-0947-1425:18_1470278946,41470,1424.1729999999998,944.668,232.27200000000002,227.325,54.105,248.477,19,1348,1042,51.7,226.111,18,1470278946,272012.66729914263,True,False,1,7.0
60,61,flattened:0019-1305-1398:18_1470278946,44998,1398.293,1303.8239999999998,249.29,229.825,35.13,261.939,19,1302,1393,47.785,233.0,18,1470278946,308527.5142065251,True,False,1,6.0
61,62,flattened:0020-0212-0923:19_1470279006,47309,924.561,211.83700000000002,251.33,239.668,174.217,265.699,20,792,224,6.483,243.672,19,1470279006,336311.34471121925,True,False,1,5.0
62,63,flattened:0020-0945-1424:19_1470279006,41508,1423.057,943.868,232.25,227.555,51.302,248.638,20,1339,1035,48.424,226.37099999999998,19,1470279006,272737.20489557367,True,False,1,7.0
63,64,flattened:0020-1305-1399:19_1470279006,44966,1398.624,1303.924,249.34900000000002,229.608,34.036,261.939,20,1310,1400,47.785,233.0,19,1470279006,308527.5142065251,True,False,1,6.0
64,65,flattened:0021-0212-0923:20_1470279066,47431,924.0310000000001,211.843,251.703,239.93,172.361,266.085,21,791,219,5.175,244.481,20,1470279066,338683.8922964755,True,False,1,5.0
65,66,flattened:0021-0944-1425:20_1470279066,41629,1423.33,944.2810000000001,232.43400000000003,228.03799999999998,48.236999999999995,248.485,21,1338,1034,47.773,225.803,20,1470279066,271497.1534614071,True,False,1,7.0
66,67,flattened:0021-1305-1399:20_1470279066,45043,1398.84,1303.8010000000002,249.69799999999998,229.68,34.065,262.092,21,1309,1399,48.403,233.88400000000001,20,1470279066,310470.86791782995,True,False,1,6.0
67,68,flattened:0022-0212-0923:21_1470279126,47440,924.273,211.66299999999998,251.59799999999998,240.075,171.75599999999997,266.177,22,791,219,5.388999999999999,243.959,21,1470279126,337828.89144607476,True,False,1,5.0
68,69,flattened:0022-0943-1425:21_1470279126,41604,1423.15,943.393,232.139,228.19,41.875,249.303,22,1328,1023,41.748000000000005,225.963,21,1470279126,273180.13161084155,True,False,1,7.0
69,70,flattened:0022-1305-1399:21_1470279126,45052,1398.922,1304.175,249.78099999999998,229.65,32.321999999999996,262.498,22,1306,1397,47.007,233.0,21,1470279126,309574.0779855463,True,False,1,6.0
70,71,flattened:0023-0211-0924:22_1470279186,47459,924.6619999999999,210.951,251.75799999999998,240.019,169.53099999999998,266.368,23,791,201,176.987,244.916,22,1470279186,340114.7582437965,True,False,1,5.0
71,72,flattened:0023-0943-1425:22_1470279186,41506,1422.895,943.041,231.882,227.905,38.45,248.82299999999998,23,1327,1021,40.926,225.791,22,1470279186,272057.375868322,True,False,1,7.0
72,73,flattened:0023-1305-1399:22_1470279186,45001,1398.806,1303.9589999999998,249.88299999999998,229.295,33.091,262.84,23,1307,1398,48.547,232.96400000000003,22,1470279186,310147.9744364425,True,False,1,6.0
73,74,flattened:0024-0211-0924:23_1470279246,47446,924.655,210.812,251.513,240.187,170.56,266.317,24,791,210,2.798,244.796,23,1470279246,339773.61609449703,True,False,1,5.0
74,75,flattened:0024-0942-1425:23_1470279246,41563,1422.6979999999999,942.577,231.826,228.273,34.603,249.28900000000002,24,1325,1019,39.629,224.86599999999999,23,1470279246,271268.81753497676,True,False,1,7.0
75,76,flattened:0024-1304-1399:23_1470279246,45065,1399.0770000000002,1303.983,250.146,229.38,31.552,263.351,24,1305,1396,47.77,232.865,23,1470279246,310921.79137305095,True,False,1,6.0
76,77,flattened:0025-0211-0924:24_1470279306,47424,924.618,210.38099999999997,251.519,240.07,171.486,267.08099999999996,25,791,217,5.156000000000001,243.946,24,1470279306,339602.13377293915,True,False,1,5.0
77,78,flattened:0025-0942-1424:24_1470279306,41558,1423.557,943.1,231.993,228.081,29.622,248.55599999999998,25,1321,1012,34.841,225.19099999999997,24,1470279306,270569.1572815714,True,False,1,7.0
78,79,flattened:0025-1304-1398:24_1470279306,44967,1398.7020000000002,1303.778,249.812,229.187,32.411,263.139,25,1307,1398,46.54,232.78799999999998,24,1470279306,310378.8580044447,True,False,1,6.0
79,80,flattened:0026-0211-0924:25_1470279366,47300,924.6669999999999,210.31599999999997,251.3,239.65099999999998,172.025,267.08099999999996,26,791,216,5.156000000000001,243.84099999999998,25,1470279366,339392.8440608334,True,False,1,5.0
80,81,flattened:0026-0941-1424:25_1470279366,41480,1423.981,942.826,231.12099999999998,228.512,16.397000000000002,247.649,26,1310,989,23.563000000000002,224.90099999999998,25,1470279366,268523.42196580744,True,False,1,7.0
81,82,flattened:0026-1304-1398:25_1470279366,44862,1398.4,1303.184,249.165,229.24599999999998,33.303000000000004,262.68,26,1310,1400,47.931999999999995,232.696,25,1470279366,309345.4671385988,True,False,1,6.0
82,83,flattened:0027-0210-0924:26_1470279426,47429,924.7230000000001,210.627,251.485,240.127,171.68400000000003,267.08099999999996,27,791,217,5.156000000000001,243.86,26,1470279426,339430.7091586968,True,False,1,5.0
83,84,flattened:0027-0941-1423:26_1470279426,41557,1424.0770000000002,943.4910000000001,231.183,228.875,15.105,247.91299999999998,27,1308,985,21.285999999999998,225.856,26,1470279426,270606.85333804914,True,False,1,7.0
84,85,flattened:0027-1305-1397:26_1470279426,44893,1397.786,1303.755,249.44299999999998,229.149,34.304,263.42400000000004,27,1308,1400,48.077,233.144,26,1470279426,311583.9352300463,True,False,1,6.0
85,86,flattened:0028-0210-0923:27_1470279486,47353,924.378,210.15400000000002,251.042,240.166,170.84599999999998,267.675,28,790,211,4.07,243.46,27,1470279486,339817.4929356749,True,False,1,5.0
86,87,flattened:0028-0942-1425:27_1470279486,41620,1424.874,943.9680000000001,231.532,228.87599999999998,15.095,248.278,28,1309,986,21.500999999999998,225.61,27,1470279486,270810.81542519777,True,False,1,7.0
87,88,flattened:0028-1305-1397:27_1470279486,44891,1397.2279999999998,1303.687,249.342,229.231,35.116,263.351,28,1308,1400,47.77,233.877,27,1470279486,312827.98748308397,True,False,1,6.0
88,89,flattened:0029-0210-0923:28_1470279546,47335,924.1389999999999,210.032,251.03799999999998,240.079,171.415,266.678,29,790,211,4.086,243.55,28,1470279546,338011.70071746554,True,False,1,5.0
89,90,flattened:0029-0942-1426:28_1470279546,41625,1425.523,944.3739999999999,231.59099999999998,228.845,2.568,247.988,29,1306,975,17.12,227.19,28,1470279546,273028.4140422568,True,False,1,7.0
90,91,flattened:0029-1305-1396:28_1470279546,44886,1396.735,1303.515,249.016,229.50599999999997,34.306999999999995,263.42400000000004,29,1307,1400,48.077,233.947,28,1470279546,313097.9678671816,True,False,1,6.0
91,92,flattened:0030-0211-0924:29_1470279606,47313,925.946,210.977,250.963,240.03900000000002,178.25099999999998,267.16700000000003,30,793,229,10.132,243.658,29,1470279606,339199.57665737387,True,False,1,5.0
92,93,flattened:0030-0942-1425:29_1470279606,41677,1425.11,944.216,232.013,228.715,1.59,248.485,30,1305,974,15.882,226.646,29,1470279606,272947.4060857544,True,False,1,7.0
93,94,flattened:0030-1304-1396:29_1470279606,44871,1396.609,1302.691,248.99400000000003,229.45,35.425,263.964,30,1305,1398,47.303000000000004,233.0,29,1470279606,312329.969988257,True,False,1,6.0
94,95,flattened:0031-0211-0924:30_1470279666,47422,926.0219999999999,210.317,251.467,240.109,1.946,267.918,31,793,231,12.065,244.205,30,1470279666,341791.8582417203,True,False,1,5.0
95,96,flattened:0031-0943-1425:30_1470279666,41691,1424.987,944.309,232.03099999999998,228.774,174.361,248.11700000000002,31,1305,974,13.755999999999998,227.364,30,1470279666,273551.04159912554,True,False,1,7.0
96,97,flattened:0031-1304-1396:30_1470279666,44873,1396.47,1302.454,249.245,229.229,36.7,264.025,31,1303,1396,47.61,234.43599999999998,30,1470279666,315160.9665981094,True,False,1,6.0
97,98,flattened:0032-0211-0924:31_1470279726,47433,925.721,210.222,251.313,240.312,0.94,267.328,32,794,236,15.18,243.88,31,1470279726,339963.11133410974,True,False,1,5.0
98,99,flattened:0032-0943-1425:31_1470279726,41766,1425.506,944.3480000000001,232.262,228.957,165.28400000000002,247.952,32,1305,971,12.579,227.92,31,1470279726,274226.4404226783,True,False,1,7.0
99,100,flattened:0032-1304-1398:31_1470279726,44710,1397.756,1303.1989999999998,249.352,228.298,33.913000000000004,263.797,32,1304,1396,46.075,234.273,31,1470279726,314419.89777963574,True,False,1,6.0
100,101,flattened:0033-0211-0924:32_1470279786,47495,926.0269999999999,210.02200000000002,251.477,240.47,3.2710000000000004,267.16700000000003,33,796,241,15.857000000000001,243.50900000000001,32,1470279786,338902.84492118546,True,False,1,5.0
101,102,flattened:0033-0943-1426:32_1470279786,41864,1426.361,944.21,232.398,229.36,161.64600000000002,247.935,33,1304,962,10.222000000000001,228.203,32,1470279786,274686.5537388718,True,False,1,7.0
102,103,flattened:0033-1303-1397:32_1470279786,44681,1397.1429999999998,1302.892,249.68099999999998,227.84900000000002,31.724,263.351,33,1295,1387,42.23,233.706,32,1470279786,312505.34762066486,True,False,1,6.0
103,104,flattened:0034-0210-0924:33_1470279846,47469,925.654,209.825,251.615,240.206,2.861,267.619,34,796,243,16.945,242.64,33,1470279846,338073.3143453178,True,False,1,5.0
104,105,flattened:0034-0944-1426:33_1470279846,41788,1425.658,943.937,232.225,229.114,157.444,247.588,34,1303,957,6.494,227.94799999999998,33,1470279846,273645.9794474156,True,False,1,7.0
105,106,flattened:0034-1303-1397:33_1470279846,44646,1396.809,1302.288,249.688,227.665,31.739,263.865,34,1296,1388,43.31100000000001,234.233,33,1470279846,314472.92798864987,True,False,1,6.0
106,107,flattened:0035-0210-0924:34_1470279906,47515,925.6410000000001,209.856,252.30200000000002,239.78400000000002,4.742,268.28700000000003,35,796,245,16.679000000000002,242.873,34,1470279906,339867.35756741674,True,False,1,5.0
107,108,flattened:0035-0943-1426:34_1470279906,41824,1425.69,944.1489999999999,232.479,229.06099999999998,157.516,247.946,35,1303,959,7.182,228.106,34,1470279906,274537.739043847,True,False,1,7.0
108,109,flattened:0035-1303-1397:34_1470279906,44524,1397.003,1302.66,249.305,227.391,33.593,263.828,35,1304,1396,46.382,234.016,34,1470279906,313992.08647583105,True,False,1,6.0
109,110,flattened:0036-0211-0924:35_1470279966,47501,925.9689999999999,210.34900000000002,252.53799999999998,239.49,3.055,268.28700000000003,36,796,244,16.679000000000002,242.36599999999999,35,1470279966,338857.0561174715,True,False,1,5.0
110,111,flattened:0036-0944-1427:35_1470279966,41883,1426.18,944.345,232.785,229.083,155.362,248.338,36,1304,963,7.869,229.15599999999998,35,1470279966,277040.0946271223,True,False,1,7.0
111,112,flattened:0036-1303-1397:35_1470279966,44506,1396.5179999999998,1302.393,249.227,227.37,32.914,263.105,36,1302,1394,46.232,234.30900000000003,35,1470279966,313179.1811462522,True,False,1,6.0
112,113,flattened:0037-0212-0925:36_1470280026,47495,926.4110000000001,211.00099999999998,252.729,239.278,4.162,268.209,37,797,247,17.354,242.28,36,1470280026,338530.68158383627,True,False,1,5.0
113,114,flattened:0037-0943-1426:36_1470280026,41900,1425.954,943.7719999999999,232.90599999999998,229.05700000000002,149.19299999999998,247.081,37,1304,959,7.441,229.27599999999998,36,1470280026,275065.7549061877,True,False,1,7.0
114,115,flattened:0037-1302-1396:36_1470280026,44518,1396.818,1302.09,249.535,227.15099999999998,32.174,263.911,37,1297,1388,43.004,234.13400000000001,36,1470280026,314372.55441683566,True,False,1,6.0
115,116,flattened:0038-0212-0925:37_1470280086,47427,926.581,211.208,252.44400000000002,239.205,4.192,268.531,38,798,251,19.582,241.878,37,1470280086,338371.55057069205,True,False,1,5.0
116,117,flattened:0038-0943-1426:37_1470280086,41915,1426.0810000000001,944.074,232.699,229.342,147.52200000000002,246.953,38,1304,958,7.211,229.226,37,1470280086,274757.5192058729,True,False,1,7.0
117,118,flattened:0038-1302-1396:37_1470280086,44383,1396.775,1301.475,249.475,226.516,31.153000000000002,264.025,38,1297,1388,42.39,233.734,37,1470280086,313831.2844729444,True,False,1,6.0
118,119,flattened:0039-0213-0924:38_1470280146,47535,926.2710000000001,211.04,252.71900000000002,239.489,5.715,268.377,39,799,255,20.730999999999998,241.722,38,1470280146,337755.3889149353,True,False,1,5.0
119,120,flattened:0039-0944-1427:38_1470280146,41947,1426.489,944.6410000000001,233.058,229.165,147.685,246.4,39,1356,843,126.916,229.175,38,1470280146,273713.31232112856,True,False,1,7.0
120,121,flattened:0039-1301-1396:38_1470280146,44359,1396.2089999999998,1300.625,249.247,226.601,32.573,263.28700000000003,39,1296,1386,42.537,233.315,38,1470280146,311647.94204789586,True,False,1,6.0
121,122,flattened:0040-0213-0924:39_1470280206,47380,926.2339999999999,211.34,252.513,238.903,6.224,268.868,40,798,253,19.783,241.755,39,1470280206,338797.33778930997,True,False,1,5.0
122,123,flattened:0040-0945-1427:39_1470280206,41836,1426.749,944.885,232.824,228.787,150.774,246.60299999999998,40,1357,843,126.59100000000001,229.12599999999998,39,1470280206,273979.2987656711,True,False,1,7.0
123,124,flattened:0040-1301-1395:39_1470280206,44248,1395.3770000000002,1300.51,249.292,225.993,31.276,262.612,40,1292,1382,42.376000000000005,233.137,39,1470280206,310044.7708738125,True,False,1,6.0
124,125,flattened:0041-0213-0923:40_1470280274,47278,925.834,210.90900000000002,252.334,238.558,8.309,268.961,41,798,254,20.456,240.56400000000002,40,1470280274,336616.4716645359,True,False,1,5.0
125,126,flattened:0041-0944-1427:40_1470280274,41854,1426.495,944.059,233.097,228.618,151.869,246.94099999999997,41,1305,961,8.852,229.227,40,1470280274,274738.478490758,True,False,1,7.0
126,127,flattened:0041-1300-1395:40_1470280274,44338,1395.602,1299.503,249.91099999999997,225.892,31.767,263.23,41,1295,1385,42.845,233.813,40,1470280274,312478.9424902243,True,False,1,6.0
127,128,flattened:0042-0213-0924:41_1470280328,47262,926.635,211.09,252.356,238.456,9.851,268.663,42,802,262,23.703000000000003,241.365,41,1470280328,337614.37337715423,True,False,1,5.0
128,129,flattened:0042-0944-1427:41_1470280328,41939,1426.485,943.758,233.313,228.87,159.155,247.891,42,1305,965,11.401,229.783,41,1470280328,277353.51857220504,True,False,1,7.0
129,130,flattened:0042-1300-1396:41_1470280328,44288,1397.31,1301.015,250.303,225.28400000000002,29.066999999999997,263.934,42,1289,1377,38.694,233.055,41,1470280328,312377.10806296964,True,False,1,6.0
130,131,flattened:0043-0212-0924:42_1470280386,47280,926.2669999999999,210.822,252.467,238.442,9.706,269.067,43,801,261,23.898000000000003,240.618,42,1470280386,336933.6821045457,True,False,1,5.0
131,132,flattened:0043-0945-1426:42_1470280386,41901,1425.9660000000001,944.15,233.225,228.74900000000002,161.686,247.952,43,1305,967,12.579,230.09400000000002,42,1470280386,278002.0103060095,True,False,1,7.0
132,133,flattened:0043-1299-1396:42_1470280386,44227,1397.15,1300.343,250.02,225.229,27.276,264.008,43,1289,1377,37.304,233.153,42,1470280386,312701.5465883975,True,False,1,6.0
133,134,flattened:0044-0212-0924:43_1470280450,47302,926.551,210.929,252.707,238.327,9.031,269.312,44,801,261,22.947,241.25900000000001,43,1470280450,338693.8426420448,True,False,1,5.0
134,135,flattened:0044-0945-1426:43_1470280450,41896,1425.729,945.066,233.263,228.685,161.685,248.115,44,1304,965,10.449000000000002,229.96599999999998,43,1470280450,278063.0762877081,True,False,1,7.0
135,136,flattened:0044-1299-1396:43_1470280450,44249,1397.204,1300.198,249.74599999999998,225.58700000000002,27.743000000000002,263.21299999999997,44,1288,1374,37.436,233.07299999999998,43,1470280450,311053.3929083288,True,False,1,6.0
136,137,flattened:0045-0212-0924:44_1470280508,47366,926.923,210.83599999999998,252.769,238.59099999999998,9.315,268.784,45,801,260,23.226999999999997,241.37,44,1470280508,337864.65328965394,True,False,1,5.0
137,138,flattened:0045-0945-1426:44_1470280508,41913,1425.517,944.794,233.74400000000003,228.30700000000002,159.671,247.952,45,1305,968,12.579,230.66,44,1470280508,278990.631760493,True,False,1,7.0
138,139,flattened:0045-1298-1396:44_1470280508,44228,1397.418,1299.641,249.52599999999998,225.68,26.4,262.376,45,1291,1376,38.967,233.646,44,1470280508,310557.26111752936,True,False,1,6.0
139,140,flattened:0046-0212-0924:45_1470280568,47400,926.825,210.797,252.748,238.782,8.296,269.474,46,802,262,24.092,241.718,45,1470280568,339931.19141381374,True,False,1,5.0
140,141,flattened:0046-0945-1426:45_1470280568,41895,1425.075,944.577,233.673,228.278,160.28,247.891,46,1304,964,11.401,230.03599999999997,45,1470280568,277794.45284450584,True,False,1,7.0
141,142,flattened:0046-1298-1396:45_1470280568,44247,1398.1660000000002,1299.375,249.52200000000002,225.78,26.529,262.069,46,1292,1376,38.181999999999995,233.707,45,1470280568,310095.4315795933,True,False,1,6.0
142,143,flattened:0047-0211-0924:46_1470280626,47455,926.5239999999999,210.50599999999997,252.938,238.87900000000002,10.006,269.981,47,802,264,23.811999999999998,241.424,46,1470280626,340356.28913048445,True,False,1,5.0
143,144,flattened:0047-0943-1426:46_1470280626,41843,1424.891,942.9960000000001,233.36700000000002,228.294,160.753,247.31599999999997,47,1304,962,10.719000000000001,230.36900000000003,46,1470280626,277372.6799184044,True,False,1,7.0
144,145,flattened:0047-1299-1396:46_1470280626,44160,1397.527,1300.292,248.96,225.845,24.618000000000002,260.86,47,1285,1367,35.64,233.03099999999998,46,1470280626,306571.80244722497,True,False,1,6.0
145,146,flattened:0048-0211-0924:47_1470280688,47433,926.393,210.58,253.13,238.58700000000002,10.692,269.883,48,802,264,24.285999999999998,240.794,47,1470280688,338904.83583230263,True,False,1,5.0
146,147,flattened:0048-0941-1426:47_1470280688,41854,1425.1570000000002,941.318,233.238,228.48,159.82,246.52200000000002,48,1305,962,10.991,230.27599999999998,47,1470280688,275830.41040361713,True,False,1,7.0
147,148,flattened:0048-1299-1394:47_1470280688,44041,1396.263,1300.539,249.155,225.06,24.587,262.103,48,1284,1368,34.114000000000004,232.43900000000002,47,1470280688,307785.68217358144,True,False,1,6.0
148,149,flattened:0049-0211-0923:48_1470280748,47445,926.0939999999999,210.917,253.483,238.315,12.142000000000001,270.224,49,802,266,24.953000000000003,241.041,48,1470280748,340076.84228945617,True,False,1,5.0
149,150,flattened:0049-0939-1426:48_1470280748,41780,1425.375,939.493,233.33700000000002,227.979,157.075,246.60299999999998,49,1305,958,9.806000000000001,230.76,48,1470280748,276812.14016132586,True,False,1,7.0
150,151,flattened:0049-1298-1395:48_1470280748,44013,1397.359,1300.249,249.08,224.984,23.987,261.584,49,1286,1369,34.723,232.24400000000003,48,1470280748,306454.4998845694,True,False,1,6.0
151,152,flattened:0050-0211-0924:49_1470280812,47513,925.94,211.058,253.81,238.34900000000002,12.92,270.407,50,805,273,29.219,240.18200000000002,49,1470280812,338729.6654997842,True,False,1,5.0
152,153,flattened:0050-0942-1426:49_1470280812,41837,1424.266,941.355,233.295,228.331,151.437,245.96099999999998,50,1304,959,7.2410000000000005,230.37099999999998,49,1470280812,275022.44946731697,True,False,1,7.0
153,154,flattened:0050-1298-1395:49_1470280812,43928,1397.654,1300.499,248.954,224.66299999999998,23.461,261.015,50,1286,1368,34.542,231.025,49,1470280812,303137.8039001448,True,False,1,6.0
154,155,flattened:0051-0211-0924:50_1470280866,47511,926.0930000000001,211.08,253.787,238.361,11.898,270.296,51,801,264,24.479,240.12900000000002,50,1470280866,338403.37278302026,True,False,1,5.0
155,156,flattened:0051-0943-1426:50_1470280866,41751,1424.305,942.2410000000001,233.623,227.542,143.661,245.77200000000002,51,1362,836,124.725,230.43200000000002,50,1470280866,274800.79683013435,True,False,1,7.0
156,157,flattened:0051-1298-1396:50_1470280866,43868,1398.391,1300.295,248.692,224.593,24.750999999999998,260.192,51,1286,1367,34.667,231.08599999999998,50,1470280866,301731.6166026341,True,False,1,6.0
157,158,flattened:0052-0211-0923:51_1470280926,47480,925.528,211.06599999999997,253.59599999999998,238.38400000000001,10.427,270.387,52,800,264,24.006,240.09799999999998,51,1470280926,338522.72384851205,True,False,1,5.0
158,159,flattened:0052-0943-1425:51_1470280926,41831,1423.9279999999999,941.992,234.146,227.468,138.447,246.27200000000002,52,1368,832,121.044,230.61,51,1470280926,275976.2195512053,True,False,1,7.0
159,160,flattened:0052-1297-1398:51_1470280926,43778,1399.918,1300.6689999999999,247.709,225.021,20.857,259.08299999999997,52,1286,1363,32.709,231.08599999999998,51,1470280926,299692.85911716026,True,False,1,6.0
160,161,flattened:0053-0211-0923:52_1470280986,47475,925.78,211.222,253.925,238.051,9.359,270.387,53,799,260,22.392,239.581,52,1470280986,337495.23592117155,True,False,1,5.0
161,162,flattened:0053-0942-1425:52_1470280986,41974,1423.734,942.0930000000001,234.395,228.00400000000002,138.398,246.61700000000002,53,1367,832,120.725,231.454,52,1470280986,278045.62795196,True,False,1,7.0
162,163,flattened:0053-1299-1398:52_1470280986,43767,1399.386,1301.047,247.456,225.195,23.044,257.49,53,1288,1367,35.357,231.226,52,1470280986,297035.6274806809,True,False,1,6.0
163,164,flattened:0054-0211-0923:53_1470281046,47468,925.71,211.10299999999998,253.49200000000002,238.423,8.818999999999999,270.098,54,800,262,23.338,239.61599999999999,53,1470281046,336991.19782157795,True,False,1,5.0
164,165,flattened:0054-0942-1425:53_1470281046,42034,1424.183,941.5980000000001,234.607,228.123,138.11,246.203,54,1302,944,2.3280000000000003,231.08599999999998,53,1470281046,276683.4272753715,True,False,1,7.0
165,166,flattened:0054-1299-1399:53_1470281046,43655,1399.785,1301.07,247.36900000000003,224.69799999999998,24.165,257.257,54,1288,1366,35.667,230.797,53,1470281046,295830.1952073449,True,False,1,6.0
166,167,flattened:0055-0210-0923:54_1470281106,47492,925.6439999999999,210.51,253.449,238.584,9.543,270.098,55,801,264,23.338,239.095,54,1470281106,335958.8953030998,True,False,1,5.0
167,168,flattened:0055-0942-1425:54_1470281106,42089,1424.207,941.7539999999999,234.158,228.86,139.151,246.611,55,1375,828,118.852,230.915,54,1470281106,277095.79717309354,True,False,1,7.0
168,169,flattened:0055-1298-1399:54_1470281106,43682,1399.746,1300.25,247.25400000000002,224.94099999999997,23.311999999999998,257.42,55,1295,1374,37.582,231.317,54,1470281106,297073.91975808964,True,False,1,6.0
169,170,flattened:0056-0211-0924:55_1470281166,47466,926.115,210.88299999999998,253.208,238.679,9.113999999999999,270.233,56,800,261,22.865,238.81599999999997,55,1470281166,335673.947940089,True,False,1,5.0
170,171,flattened:0056-0942-1425:55_1470281166,41945,1423.6979999999999,941.53,234.273,227.965,145.751,247.396,56,1302,932,176.75599999999997,230.609,55,1470281166,277930.4872420064,True,False,1,7.0
171,172,flattened:0056-1299-1398:55_1470281166,43636,1399.0629999999999,1300.9389999999999,247.28799999999998,224.674,22.471,257.49,56,1290,1368,35.357,230.105,55,1470281166,294996.3219251345,True,False,1,6.0
172,173,flattened:0057-0211-0925:56_1470281226,47361,926.967,210.97299999999998,252.199,239.105,8.914,269.258,57,800,258,21.801,239.79,56,1470281226,335671.96970250184,True,False,1,5.0
173,174,flattened:0057-0942-1426:56_1470281226,41809,1424.481,941.1160000000001,233.747,227.737,141.96,248.262,57,1303,927,174.22099999999998,229.183,56,1470281226,276954.81457145343,True,False,1,7.0
174,175,flattened:0057-1299-1398:56_1470281226,43418,1398.5639999999999,1301.403,246.375,224.37900000000002,23.706,257.2,57,1291,1371,36.781,229.44799999999998,56,1470281226,293280.84516963514,True,False,1,6.0
175,176,flattened:0058-0211-0925:57_1470281286,47333,926.502,210.942,251.75900000000001,239.38099999999997,8.497,269.258,58,800,259,21.801,239.125,57,1470281286,334358.1620928005,True,False,1,5.0
176,177,flattened:0058-0943-1426:57_1470281286,41619,1424.756,941.1289999999999,233.31900000000002,227.118,137.393,247.21200000000002,58,1303,927,172.329,228.40099999999998,57,1470281286,273778.92933404614,True,False,1,7.0
177,178,flattened:0058-1299-1397:57_1470281286,43262,1398.2089999999998,1301.678,245.952,223.958,24.089000000000002,256.285,58,1293,1374,38.346,228.567,57,1470281286,290045.70895776065,True,False,1,6.0
178,179,flattened:0059-0212-0925:58_1470281346,47337,926.377,211.269,251.718,239.44,9.347999999999999,269.666,59,799,257,20.854,238.977,58,1470281346,334871.4223092147,True,False,1,5.0
179,180,flattened:0059-0943-1426:58_1470281346,41548,1425.104,942.0139999999999,232.824,227.213,135.556,246.497,59,1304,923,171.83700000000002,228.40400000000002,58,1470281346,272551.21523125714,True,False,1,7.0
180,181,flattened:0059-1299-1398:58_1470281346,43188,1398.4520000000002,1301.7730000000001,244.922,224.515,23.851,255.40900000000002,59,1293,1373,37.363,228.993,58,1470281346,289238.8680992117,True,False,1,6.0
181,182,flattened:0060-0212-0924:59_1470281406,47273,926.297,211.28,251.44400000000002,239.37599999999998,8.456,270.007,60,800,261,22.195,238.808,59,1470281406,335211.2521928007,True,False,1,5.0
182,183,flattened:0060-0943-1426:59_1470281406,41448,1425.158,941.668,232.78799999999998,226.701,134.435,245.717,60,1304,927,173.222,228.56599999999997,59,1470281406,271488.5670869475,True,False,1,7.0
183,184,flattened:0060-1299-1398:59_1470281406,43172,1399.141,1302.049,244.75799999999998,224.583,26.070999999999998,254.56599999999997,60,1296,1376,38.941,228.396,59,1470281406,286667.0349524293,True,False,1,6.0
184,185,flattened:0061-0212-0923:60_1470281466,47329,925.449,211.236,252.025,239.108,9.191,269.80400000000003,61,800,263,24.76,239.389,60,1470281466,335958.89530310006,True,False,1,5.0
185,186,flattened:0061-0943-1425:60_1470281466,41586,1424.691,942.3330000000001,233.077,227.174,134.365,245.953,61,1304,921,171.112,229.6,60,1470281466,273675.3283166301,True,False,1,7.0
186,187,flattened:0061-1300-1398:60_1470281466,43248,1399.411,1302.536,244.748,224.986,26.276999999999997,255.055,61,1295,1375,39.431999999999995,229.106,60,1470281466,288807.37591396226,True,False,1,6.0
187,188,flattened:0062-0211-0923:61_1470281526,47254,925.471,211.41400000000002,252.514,238.266,8.387,269.704,62,799,260,23.143,239.195,61,1470281526,335377.2991488886,True,False,1,5.0
188,189,flattened:0062-0943-1425:61_1470281526,41641,1424.672,941.865,233.113,227.43900000000002,137.588,246.148,62,1304,921,169.46599999999998,230.77599999999998,61,1470281526,276049.1433904042,True,False,1,7.0
189,190,flattened:0062-1300-1398:61_1470281526,43252,1400.1660000000002,1302.5230000000001,244.343,225.38,26.088,255.225,62,1295,1374,37.678000000000004,230.019,61,1470281526,290749.77865398745,True,False,1,6.0
190,191,flattened:0063-0212-0923:62_1470281586,47051,925.215,211.707,251.62900000000002,238.077,9.079,268.704,63,799,260,22.079,238.922,62,1470281586,332866.772171465,True,False,1,5.0
191,192,flattened:0063-0942-1426:62_1470281586,41576,1425.9260000000002,941.816,233.283,226.918,140.636,247.31599999999997,63,1305,916,168.09900000000002,230.23,62,1470281586,277130.6150556142,True,False,1,7.0
192,193,flattened:0063-1300-1398:62_1470281586,43165,1399.8329999999999,1302.405,244.291,224.975,24.122,255.415,63,1290,1367,36.242,229.99599999999998,62,1470281586,291050.0724786823,True,False,1,6.0
